-- UcMarket MVP mock data for user/auth and market development.
-- Safe to rerun: this script only deletes rows whose UUIDs use the mock prefixes below.
-- All mock users share the BCrypt password: password

BEGIN;

-- Remove prior mock rows in dependency order.
DELETE FROM admin_logs WHERE id::text LIKE '00000000-0000-4011-8000-%';
DELETE FROM notifications WHERE id::text LIKE '00000000-0000-4009-8000-%';
DELETE FROM user_portfolio_snapshots WHERE id::text LIKE '00000000-0000-4010-8000-%';
DELETE FROM wallet_transactions WHERE id::text LIKE '00000000-0000-4008-8000-%';
DELETE FROM market_price_history WHERE id::text LIKE '00000000-0000-4007-8000-%';
DELETE FROM positions WHERE id::text LIKE '00000000-0000-4006-8000-%';
DELETE FROM trades WHERE id::text LIKE '00000000-0000-4005-8000-%';
DELETE FROM market_reviews WHERE id::text LIKE '00000000-0000-4004-8000-%';
DELETE FROM market_options WHERE id::text LIKE '00000000-0000-4012-8000-%';
DELETE FROM markets WHERE id::text LIKE '00000000-0000-4003-8000-%';
DELETE FROM user_sessions WHERE id::text LIKE '00000000-0000-4001-8000-%';
DELETE FROM wallets WHERE id::text LIKE '00000000-0000-4002-8000-%';
DELETE FROM users WHERE id::text LIKE '00000000-0000-4000-8000-%';

INSERT INTO users (
    id, code, username, email, password_hash, role, status, reputation,
    last_login_at, avatar_url, bio, created_at, updated_at
) VALUES
    ('00000000-0000-4000-8000-000000000001', 'USR-0001', 'admin_shung', 'admin.shung@ucmarket.test', '$2a$10$87qcikpCyzeG36F1RIXqyO2n3.QJHfbgWJQK3o30SzeK2n.mDypuS', 'ADMIN', 'ACTIVE', 980, '2026-06-01 21:10:00', 'https://api.dicebear.com/8.x/initials/svg?seed=AdminShung', 'MVP market reviewer and platform admin.', '2026-05-20 09:00:00', '2026-06-01 21:10:00'),
    ('00000000-0000-4000-8000-000000000002', 'USR-0002', 'admin_mina', 'admin.mina@ucmarket.test', '$2a$10$87qcikpCyzeG36F1RIXqyO2n3.QJHfbgWJQK3o30SzeK2n.mDypuS', 'ADMIN', 'ACTIVE', 860, '2026-06-01 18:35:00', 'https://api.dicebear.com/8.x/initials/svg?seed=AdminMina', 'Handles market resolution and audit notes.', '2026-05-20 09:05:00', '2026-06-01 18:35:00'),
    ('00000000-0000-4000-8000-000000000003', 'USR-0003', 'rainmaker', 'rainmaker@ucmarket.test', '$2a$10$87qcikpCyzeG36F1RIXqyO2n3.QJHfbgWJQK3o30SzeK2n.mDypuS', 'USER', 'ACTIVE', 420, '2026-06-01 20:22:00', 'https://api.dicebear.com/8.x/initials/svg?seed=Rainmaker', 'Weather and transit markets are my thing.', '2026-05-21 10:00:00', '2026-06-01 20:22:00'),
    ('00000000-0000-4000-8000-000000000004', 'USR-0004', 'macro_cat', 'macro.cat@ucmarket.test', '$2a$10$87qcikpCyzeG36F1RIXqyO2n3.QJHfbgWJQK3o30SzeK2n.mDypuS', 'USER', 'ACTIVE', 360, '2026-06-01 19:45:00', 'https://api.dicebear.com/8.x/initials/svg?seed=MacroCat', 'Tracks macro data and product launch rumors.', '2026-05-21 11:15:00', '2026-06-01 19:45:00'),
    ('00000000-0000-4000-8000-000000000005', 'USR-0005', 'sports_lee', 'sports.lee@ucmarket.test', '$2a$10$87qcikpCyzeG36F1RIXqyO2n3.QJHfbgWJQK3o30SzeK2n.mDypuS', 'USER', 'ACTIVE', 275, '2026-06-01 17:04:00', 'https://api.dicebear.com/8.x/initials/svg?seed=SportsLee', 'Mostly follows baseball and basketball markets.', '2026-05-22 13:30:00', '2026-06-01 17:04:00'),
    ('00000000-0000-4000-8000-000000000006', 'USR-0006', 'tech_luna', 'tech.luna@ucmarket.test', '$2a$10$87qcikpCyzeG36F1RIXqyO2n3.QJHfbgWJQK3o30SzeK2n.mDypuS', 'USER', 'ACTIVE', 510, '2026-06-01 22:12:00', 'https://api.dicebear.com/8.x/initials/svg?seed=TechLuna', 'Likes clear rules and source-backed markets.', '2026-05-23 08:40:00', '2026-06-01 22:12:00'),
    ('00000000-0000-4000-8000-000000000007', 'USR-0007', 'newbie_hao', 'newbie.hao@ucmarket.test', '$2a$10$87qcikpCyzeG36F1RIXqyO2n3.QJHfbgWJQK3o30SzeK2n.mDypuS', 'USER', 'ACTIVE', 35, '2026-05-31 23:59:00', 'https://api.dicebear.com/8.x/initials/svg?seed=NewbieHao', 'New user for onboarding and profile tests.', '2026-05-28 14:25:00', '2026-05-31 23:59:00'),
    ('00000000-0000-4000-8000-000000000008', 'USR-0008', 'banned_demo', 'banned.demo@ucmarket.test', '$2a$10$87qcikpCyzeG36F1RIXqyO2n3.QJHfbgWJQK3o30SzeK2n.mDypuS', 'USER', 'BANNED', 0, '2026-05-25 09:10:00', 'https://api.dicebear.com/8.x/initials/svg?seed=BannedDemo', 'Banned account for login rejection tests.', '2026-05-24 15:00:00', '2026-05-30 12:00:00'),
    ('00000000-0000-4000-8000-000000000009', 'USR-0009', 'disabled_demo', 'disabled.demo@ucmarket.test', '$2a$10$87qcikpCyzeG36F1RIXqyO2n3.QJHfbgWJQK3o30SzeK2n.mDypuS', 'USER', 'DISABLED', 15, NULL, 'https://api.dicebear.com/8.x/initials/svg?seed=DisabledDemo', 'Disabled account for auth guard tests.', '2026-05-25 16:20:00', '2026-05-30 12:30:00'),
    ('00000000-0000-4000-8000-000000000010', 'USR-0010', 'portfolio_kai', 'portfolio.kai@ucmarket.test', '$2a$10$87qcikpCyzeG36F1RIXqyO2n3.QJHfbgWJQK3o30SzeK2n.mDypuS', 'USER', 'ACTIVE', 610, '2026-06-01 16:18:00', 'https://api.dicebear.com/8.x/initials/svg?seed=PortfolioKai', 'Power user with trades, positions, and snapshots.', '2026-05-26 12:00:00', '2026-06-01 16:18:00');

INSERT INTO user_sessions (
    id, user_id, refresh_token_hash, expires_at, revoked_at, ip_address, created_at
) VALUES
    ('00000000-0000-4001-8000-000000000001', '00000000-0000-4000-8000-000000000001', 'mock_refresh_admin_shung_001', '2026-06-08 21:10:00', NULL, '203.67.12.88', '2026-06-01 21:10:00'),
    ('00000000-0000-4001-8000-000000000002', '00000000-0000-4000-8000-000000000002', 'mock_refresh_admin_mina_001', '2026-06-08 18:35:00', NULL, '203.67.12.89', '2026-06-01 18:35:00'),
    ('00000000-0000-4001-8000-000000000003', '00000000-0000-4000-8000-000000000003', 'mock_refresh_rainmaker_001', '2026-06-08 20:22:00', NULL, '36.229.10.3', '2026-06-01 20:22:00'),
    ('00000000-0000-4001-8000-000000000004', '00000000-0000-4000-8000-000000000004', 'mock_refresh_macro_cat_001', '2026-06-08 19:45:00', NULL, '36.229.10.4', '2026-06-01 19:45:00'),
    ('00000000-0000-4001-8000-000000000005', '00000000-0000-4000-8000-000000000005', 'mock_refresh_sports_lee_001', '2026-06-08 17:04:00', NULL, '36.229.10.5', '2026-06-01 17:04:00'),
    ('00000000-0000-4001-8000-000000000006', '00000000-0000-4000-8000-000000000006', 'mock_refresh_tech_luna_001', '2026-06-08 22:12:00', NULL, '36.229.10.6', '2026-06-01 22:12:00'),
    ('00000000-0000-4001-8000-000000000007', '00000000-0000-4000-8000-000000000007', 'mock_refresh_newbie_hao_001', '2026-06-07 23:59:00', NULL, '36.229.10.7', '2026-05-31 23:59:00'),
    ('00000000-0000-4001-8000-000000000008', '00000000-0000-4000-8000-000000000008', 'mock_refresh_banned_demo_001', '2026-05-26 09:10:00', '2026-05-25 10:00:00', '36.229.10.8', '2026-05-25 09:10:00'),
    ('00000000-0000-4001-8000-000000000009', '00000000-0000-4000-8000-000000000009', 'mock_refresh_disabled_demo_001', '2026-06-02 12:30:00', '2026-05-30 12:30:00', '36.229.10.9', '2026-05-30 10:30:00'),
    ('00000000-0000-4001-8000-000000000010', '00000000-0000-4000-8000-000000000010', 'mock_refresh_portfolio_kai_001', '2026-06-08 16:18:00', NULL, '36.229.10.10', '2026-06-01 16:18:00');

INSERT INTO wallets (
    id, user_id, balance, locked_balance, version, created_at, updated_at
) VALUES
    ('00000000-0000-4002-8000-000000000001', '00000000-0000-4000-8000-000000000001', 50000.00, 0.00, 1, '2026-05-20 09:00:00', '2026-06-01 21:10:00'),
    ('00000000-0000-4002-8000-000000000002', '00000000-0000-4000-8000-000000000002', 42000.00, 0.00, 1, '2026-05-20 09:05:00', '2026-06-01 18:35:00'),
    ('00000000-0000-4002-8000-000000000003', '00000000-0000-4000-8000-000000000003', 12800.00, 1200.00, 3, '2026-05-21 10:00:00', '2026-06-01 20:22:00'),
    ('00000000-0000-4002-8000-000000000004', '00000000-0000-4000-8000-000000000004', 9600.00, 800.00, 4, '2026-05-21 11:15:00', '2026-06-01 19:45:00'),
    ('00000000-0000-4002-8000-000000000005', '00000000-0000-4000-8000-000000000005', 7400.00, 500.00, 2, '2026-05-22 13:30:00', '2026-06-01 17:04:00'),
    ('00000000-0000-4002-8000-000000000006', '00000000-0000-4000-8000-000000000006', 15350.00, 1500.00, 5, '2026-05-23 08:40:00', '2026-06-01 22:12:00'),
    ('00000000-0000-4002-8000-000000000007', '00000000-0000-4000-8000-000000000007', 10000.00, 0.00, 1, '2026-05-28 14:25:00', '2026-05-31 23:59:00'),
    ('00000000-0000-4002-8000-000000000008', '00000000-0000-4000-8000-000000000008', 0.00, 0.00, 2, '2026-05-24 15:00:00', '2026-05-30 12:00:00'),
    ('00000000-0000-4002-8000-000000000009', '00000000-0000-4000-8000-000000000009', 1200.00, 0.00, 1, '2026-05-25 16:20:00', '2026-05-30 12:30:00'),
    ('00000000-0000-4002-8000-000000000010', '00000000-0000-4000-8000-000000000010', 22100.00, 2600.00, 7, '2026-05-26 12:00:00', '2026-06-01 16:18:00');

INSERT INTO markets (
    id, code, creator_id, title, description, category, market_type, source_url, resolution_rule,
    close_at, status, result, result_value, yes_pool, no_pool,
    approved_at, approved_by, resolved_at, resolved_by, created_at, updated_at
) VALUES
    ('00000000-0000-4003-8000-000000000001', 'MKT-0001', '00000000-0000-4000-8000-000000000003', '台北 2026-06-05 會下雨嗎？', '以中央氣象署台北測站當日是否有降雨紀錄為準。', 'WEATHER', 'BINARY', 'https://www.cwa.gov.tw/', '若 2026-06-05 台北測站任一小時降雨量大於 0mm，結果為 YES，否則為 NO。', '2026-06-05 23:59:59', 'ACTIVE', NULL, NULL, 1680.00, 1320.00, '2026-05-29 14:00:00', '00000000-0000-4000-8000-000000000001', NULL, NULL, '2026-05-29 09:30:00', '2026-05-29 14:00:00'),
    ('00000000-0000-4003-8000-000000000002', 'MKT-0002', '00000000-0000-4000-8000-000000000004', '美國 2026 年 6 月 CPI 年增率會低於 3% 嗎？', '以美國 BLS 公布之 CPI-U 年增率為準。', 'ECONOMY', 'BINARY', 'https://www.bls.gov/cpi/', 'BLS 首次公布的 2026 年 6 月 CPI-U year-over-year 數值低於 3.0% 則 YES。', '2026-07-15 20:30:00', 'PENDING', NULL, NULL, 100.00, 100.00, NULL, NULL, NULL, NULL, '2026-06-01 10:00:00', '2026-06-01 10:20:00'),
    ('00000000-0000-4003-8000-000000000003', 'MKT-0003', '00000000-0000-4000-8000-000000000006', '下一場 Apple 發表會會公布新款 iPad 嗎？', '以 Apple 官方發表會頁面與新聞稿為準。', 'TECH', 'BINARY', 'https://www.apple.com/newsroom/', '若下一場 Apple Special Event 官方新聞稿明確提到新款 iPad 產品，結果為 YES。', '2026-09-30 23:59:59', 'DRAFT', NULL, NULL, 100.00, 100.00, NULL, NULL, NULL, NULL, '2026-06-01 11:30:00', '2026-06-01 11:30:00'),
    ('00000000-0000-4003-8000-000000000004', 'MKT-0004', '00000000-0000-4000-8000-000000000005', '中職 2026 上半季冠軍會是兄弟嗎？', '以中華職棒官方戰績公告為準。', 'SPORTS', 'BINARY', 'https://www.cpbl.com.tw/', '若中華職棒 2026 上半季冠軍隊伍為中信兄弟，結果為 YES。', '2026-06-30 23:59:59', 'ACTIVE', NULL, NULL, 1210.00, 1890.00, '2026-05-30 16:00:00', '00000000-0000-4000-8000-000000000001', NULL, NULL, '2026-05-30 10:10:00', '2026-05-30 16:00:00'),
    ('00000000-0000-4003-8000-000000000005', 'MKT-0005', '00000000-0000-4000-8000-000000000007', '台中 2026-06-03 最高溫會達到 35 度嗎？', '以中央氣象署台中測站日最高溫為準。', 'WEATHER', 'BINARY', 'https://www.cwa.gov.tw/', '若 2026-06-03 台中測站日最高溫 >= 35.0 攝氏度，結果為 YES。', '2026-06-03 23:59:59', 'REJECTED', NULL, NULL, 100.00, 100.00, NULL, NULL, NULL, NULL, '2026-05-31 09:00:00', '2026-05-31 15:00:00'),
    ('00000000-0000-4003-8000-000000000006', 'MKT-0006', '00000000-0000-4000-8000-000000000010', 'BTC 在 2026-06-01 會收高於 100,000 美元嗎？', '以 CoinMarketCap UTC 日收盤價為準。', 'CRYPTO', 'BINARY', 'https://coinmarketcap.com/currencies/bitcoin/', '若 CoinMarketCap 顯示 BTC 2026-06-01 UTC close price > 100000，結果為 YES。', '2026-06-01 23:59:59', 'RESOLVED', 'NO', NULL, 2150.00, 2860.00, '2026-05-27 13:00:00', '00000000-0000-4000-8000-000000000002', '2026-06-02 01:00:00', '00000000-0000-4000-8000-000000000002', '2026-05-27 09:00:00', '2026-06-02 01:00:00'),
    ('00000000-0000-4003-8000-000000000007', 'MKT-0007', '00000000-0000-4000-8000-000000000004', 'NASDAQ 100 本週會創新高嗎？', '以 Nasdaq 官方收盤資料為準。', 'ECONOMY', 'BINARY', 'https://www.nasdaq.com/', '若本週任一交易日 NDX 收盤價高於此前歷史收盤高點，結果為 YES。', '2026-06-07 23:59:59', 'CLOSED', NULL, NULL, 1820.00, 1740.00, '2026-05-28 12:00:00', '00000000-0000-4000-8000-000000000001', NULL, NULL, '2026-05-28 08:30:00', '2026-06-01 00:00:00'),
    ('00000000-0000-4003-8000-000000000008', 'MKT-0008', '00000000-0000-4000-8000-000000000006', 'OpenAI 今年會釋出新的公開 API 重大版本嗎？', '以 OpenAI 官方文件或公告為準。', 'TECH', 'BINARY', 'https://platform.openai.com/docs', '若 2026 年內 OpenAI 官方公告新的 API 重大版本或新世代模型 API，結果為 YES。', '2026-12-31 23:59:59', 'ACTIVE', NULL, NULL, 2400.00, 1600.00, '2026-05-29 18:00:00', '00000000-0000-4000-8000-000000000002', NULL, NULL, '2026-05-29 12:45:00', '2026-05-29 18:00:00'),
    ('00000000-0000-4003-8000-000000000009', 'MKT-0009', '00000000-0000-4000-8000-000000000003', '桃園機場捷運 2026-06-10 會準點率高於 95% 嗎？', '以桃園捷運官方營運公告為準。', 'TRANSPORT', 'BINARY', 'https://www.tymetro.com.tw/', '若官方公布 2026-06-10 準點率 > 95%，結果為 YES。', '2026-06-10 23:59:59', 'CANCELED', NULL, NULL, 100.00, 100.00, NULL, NULL, NULL, NULL, '2026-05-31 14:00:00', '2026-06-01 09:00:00'),
    ('00000000-0000-4003-8000-000000000010', 'MKT-0010', '00000000-0000-4000-8000-000000000010', '台灣 2026 Q2 GDP 年增率會高於 4% 嗎？', '以行政院主計總處首次公布資料為準。', 'ECONOMY', 'BINARY', 'https://www.dgbas.gov.tw/', '若主計總處首次公布之 2026 Q2 GDP 年增率 > 4.0%，結果為 YES。', '2026-08-31 18:00:00', 'PENDING', NULL, NULL, 100.00, 100.00, NULL, NULL, NULL, NULL, '2026-06-01 13:20:00', '2026-06-01 13:40:00');

INSERT INTO market_reviews (
    id, code, market_id, reviewer_id, status, comment, created_at
) VALUES
    ('00000000-0000-4004-8000-000000000001', 'REV-0001', '00000000-0000-4003-8000-000000000001', '00000000-0000-4000-8000-000000000001', 'APPROVED', NULL, '2026-05-29 14:00:00'),
    ('00000000-0000-4004-8000-000000000002', 'REV-0002', '00000000-0000-4003-8000-000000000004', '00000000-0000-4000-8000-000000000001', 'APPROVED', NULL, '2026-05-30 16:00:00'),
    ('00000000-0000-4004-8000-000000000003', 'REV-0003', '00000000-0000-4003-8000-000000000005', '00000000-0000-4000-8000-000000000002', 'REJECTED', '結算依據需要指定測站與資料查詢路徑，避免結果爭議。', '2026-05-31 15:00:00'),
    ('00000000-0000-4004-8000-000000000004', 'REV-0004', '00000000-0000-4003-8000-000000000006', '00000000-0000-4000-8000-000000000002', 'APPROVED', NULL, '2026-05-27 13:00:00'),
    ('00000000-0000-4004-8000-000000000005', 'REV-0005', '00000000-0000-4003-8000-000000000007', '00000000-0000-4000-8000-000000000001', 'APPROVED', NULL, '2026-05-28 12:00:00'),
    ('00000000-0000-4004-8000-000000000006', 'REV-0006', '00000000-0000-4003-8000-000000000008', '00000000-0000-4000-8000-000000000002', 'APPROVED', NULL, '2026-05-29 18:00:00'),
    ('00000000-0000-4004-8000-000000000007', 'REV-0007', '00000000-0000-4003-8000-000000000010', '00000000-0000-4000-8000-000000000001', 'CHANGES_REQUESTED', '請補上 GDP 公布批次與修正值是否採計。', '2026-06-01 14:00:00');

INSERT INTO trades (
    id, code, user_id, market_id, option_id, side, action, amount, price, shares, created_at
) VALUES
    ('00000000-0000-4005-8000-000000000001', 'TRX-0001', '00000000-0000-4000-8000-000000000003', '00000000-0000-4003-8000-000000000001', NULL, 'YES', 'BUY', 300.00, 0.5200, 576.9231, '2026-05-29 15:00:00'),
    ('00000000-0000-4005-8000-000000000002', 'TRX-0002', '00000000-0000-4000-8000-000000000004', '00000000-0000-4003-8000-000000000001', NULL, 'NO', 'BUY', 220.00, 0.5600, 392.8571, '2026-05-29 16:15:00'),
    ('00000000-0000-4005-8000-000000000003', 'TRX-0003', '00000000-0000-4000-8000-000000000005', '00000000-0000-4003-8000-000000000004', NULL, 'NO', 'BUY', 500.00, 0.6100, 819.6721, '2026-05-30 17:10:00'),
    ('00000000-0000-4005-8000-000000000004', 'TRX-0004', '00000000-0000-4000-8000-000000000006', '00000000-0000-4003-8000-000000000008', NULL, 'YES', 'BUY', 800.00, 0.4300, 1860.4651, '2026-05-30 19:20:00'),
    ('00000000-0000-4005-8000-000000000005', 'TRX-0005', '00000000-0000-4000-8000-000000000010', '00000000-0000-4003-8000-000000000006', NULL, 'NO', 'BUY', 1000.00, 0.5700, 1754.3860, '2026-05-28 10:30:00'),
    ('00000000-0000-4005-8000-000000000006', 'TRX-0006', '00000000-0000-4000-8000-000000000003', '00000000-0000-4003-8000-000000000007', NULL, 'YES', 'BUY', 450.00, 0.4900, 918.3673, '2026-05-29 09:00:00'),
    ('00000000-0000-4005-8000-000000000007', 'TRX-0007', '00000000-0000-4000-8000-000000000004', '00000000-0000-4003-8000-000000000007', NULL, 'NO', 'BUY', 520.00, 0.5100, 1019.6078, '2026-05-29 09:30:00'),
    ('00000000-0000-4005-8000-000000000008', 'TRX-0008', '00000000-0000-4000-8000-000000000010', '00000000-0000-4003-8000-000000000008', NULL, 'YES', 'BUY', 650.00, 0.4000, 1625.0000, '2026-06-01 12:00:00');

INSERT INTO positions (
    id, user_id, market_id, option_id, yes_shares, no_shares, yes_cost, no_cost, shares, cost, status, updated_at
) VALUES
    ('00000000-0000-4006-8000-000000000001', '00000000-0000-4000-8000-000000000003', '00000000-0000-4003-8000-000000000001', NULL, 576.9231, 0.0000, 300.00, 0.00, NULL, NULL, 'OPEN', '2026-05-29 15:00:00'),
    ('00000000-0000-4006-8000-000000000002', '00000000-0000-4000-8000-000000000004', '00000000-0000-4003-8000-000000000001', NULL, 0.0000, 392.8571, 0.00, 220.00, NULL, NULL, 'OPEN', '2026-05-29 16:15:00'),
    ('00000000-0000-4006-8000-000000000003', '00000000-0000-4000-8000-000000000005', '00000000-0000-4003-8000-000000000004', NULL, 0.0000, 819.6721, 0.00, 500.00, NULL, NULL, 'OPEN', '2026-05-30 17:10:00'),
    ('00000000-0000-4006-8000-000000000004', '00000000-0000-4000-8000-000000000006', '00000000-0000-4003-8000-000000000008', NULL, 1860.4651, 0.0000, 800.00, 0.00, NULL, NULL, 'OPEN', '2026-05-30 19:20:00'),
    ('00000000-0000-4006-8000-000000000005', '00000000-0000-4000-8000-000000000010', '00000000-0000-4003-8000-000000000006', NULL, 0.0000, 1754.3860, 0.00, 1000.00, NULL, NULL, 'SETTLED', '2026-06-02 01:10:00'),
    ('00000000-0000-4006-8000-000000000006', '00000000-0000-4000-8000-000000000003', '00000000-0000-4003-8000-000000000007', NULL, 918.3673, 0.0000, 450.00, 0.00, NULL, NULL, 'OPEN', '2026-05-29 09:00:00'),
    ('00000000-0000-4006-8000-000000000007', '00000000-0000-4000-8000-000000000004', '00000000-0000-4003-8000-000000000007', NULL, 0.0000, 1019.6078, 0.00, 520.00, NULL, NULL, 'OPEN', '2026-05-29 09:30:00'),
    ('00000000-0000-4006-8000-000000000008', '00000000-0000-4000-8000-000000000010', '00000000-0000-4003-8000-000000000008', NULL, 1625.0000, 0.0000, 650.00, 0.00, NULL, NULL, 'OPEN', '2026-06-01 12:00:00');

INSERT INTO market_price_history (
    id, market_id, option_id, yes_price, no_price, option_price, trade_volume, recorded_at
) VALUES
    ('00000000-0000-4007-8000-000000000001', '00000000-0000-4003-8000-000000000001', NULL, 0.4400, 0.5600, NULL, 520.00, '2026-05-29 16:30:00'),
    ('00000000-0000-4007-8000-000000000002', '00000000-0000-4003-8000-000000000004', NULL, 0.6100, 0.3900, NULL, 500.00, '2026-05-30 17:30:00'),
    ('00000000-0000-4007-8000-000000000003', '00000000-0000-4003-8000-000000000006', NULL, 0.4300, 0.5700, NULL, 1000.00, '2026-06-02 01:10:00'),
    ('00000000-0000-4007-8000-000000000004', '00000000-0000-4003-8000-000000000007', NULL, 0.4900, 0.5100, NULL, 970.00, '2026-05-29 09:45:00'),
    ('00000000-0000-4007-8000-000000000005', '00000000-0000-4003-8000-000000000008', NULL, 0.4000, 0.6000, NULL, 1450.00, '2026-06-01 12:15:00');

INSERT INTO wallet_transactions (
    id, wallet_id, user_id, market_id, type, amount, balance_after,
    reference_type, reference_id, idempotency_key, metadata, created_at
) VALUES
    ('00000000-0000-4008-8000-000000000001', '00000000-0000-4002-8000-000000000003', '00000000-0000-4000-8000-000000000003', NULL, 'SIGNUP_BONUS', 10000.00, 10000.00, 'BONUS', NULL, 'mock-signup-bonus-user-003', '{"source":"mock.sql"}', '2026-05-21 10:00:00'),
    ('00000000-0000-4008-8000-000000000002', '00000000-0000-4002-8000-000000000003', '00000000-0000-4000-8000-000000000003', '00000000-0000-4003-8000-000000000001', 'TRADE_BUY', -300.00, 9700.00, 'TRADE', '00000000-0000-4005-8000-000000000001', 'mock-trade-buy-001', '{"side":"YES"}', '2026-05-29 15:00:00'),
    ('00000000-0000-4008-8000-000000000003', '00000000-0000-4002-8000-000000000004', '00000000-0000-4000-8000-000000000004', '00000000-0000-4003-8000-000000000001', 'TRADE_BUY', -220.00, 9780.00, 'TRADE', '00000000-0000-4005-8000-000000000002', 'mock-trade-buy-002', '{"side":"NO"}', '2026-05-29 16:15:00'),
    ('00000000-0000-4008-8000-000000000004', '00000000-0000-4002-8000-000000000010', '00000000-0000-4000-8000-000000000010', '00000000-0000-4003-8000-000000000006', 'TRADE_BUY', -1000.00, 21000.00, 'TRADE', '00000000-0000-4005-8000-000000000005', 'mock-trade-buy-005', '{"side":"NO"}', '2026-05-28 10:30:00'),
    ('00000000-0000-4008-8000-000000000005', '00000000-0000-4002-8000-000000000010', '00000000-0000-4000-8000-000000000010', '00000000-0000-4003-8000-000000000006', 'RESOLUTION_PAYOUT', 1754.39, 22754.39, 'MARKET', '00000000-0000-4003-8000-000000000006', 'mock-resolution-payout-006', '{"result":"NO"}', '2026-06-02 01:15:00');

INSERT INTO user_portfolio_snapshots (
    id, user_id, wallet_balance, position_value, total_asset_value,
    realized_profit, unrealized_profit, recorded_at
) VALUES
    ('00000000-0000-4010-8000-000000000001', '00000000-0000-4000-8000-000000000003', 12800.00, 696.92, 13496.92, 0.00, 396.92, '2026-06-01 23:00:00'),
    ('00000000-0000-4010-8000-000000000002', '00000000-0000-4000-8000-000000000004', 9600.00, 740.07, 10340.07, 0.00, 0.07, '2026-06-01 23:00:00'),
    ('00000000-0000-4010-8000-000000000003', '00000000-0000-4000-8000-000000000010', 22100.00, 650.00, 22750.00, 754.39, 0.00, '2026-06-01 23:00:00');

INSERT INTO notifications (
    id, user_id, market_id, type, title, message, reference_type, reference_id, read_at, created_at
) VALUES
    ('00000000-0000-4009-8000-000000000001', '00000000-0000-4000-8000-000000000003', '00000000-0000-4003-8000-000000000001', 'TRADE_SUCCESS', '交易成功', '你已買入「台北 2026-06-05 會下雨嗎？」YES 部位。', 'TRADE', '00000000-0000-4005-8000-000000000001', NULL, '2026-05-29 15:00:00'),
    ('00000000-0000-4009-8000-000000000002', '00000000-0000-4000-8000-000000000010', '00000000-0000-4003-8000-000000000006', 'MARKET_RESOLVED', '市場已結算', 'BTC 市場已結算為 NO，獎勵已入帳。', 'MARKET', '00000000-0000-4003-8000-000000000006', '2026-06-02 08:00:00', '2026-06-02 01:15:00'),
    ('00000000-0000-4009-8000-000000000003', '00000000-0000-4000-8000-000000000007', '00000000-0000-4003-8000-000000000005', 'ADMIN', '市場未通過審核', '請補充更明確的結算資料來源後再送審。', 'MARKET', '00000000-0000-4003-8000-000000000005', NULL, '2026-05-31 15:05:00');

INSERT INTO admin_logs (
    id, code, admin_user_id, action, target_type, target_id, metadata, created_at
) VALUES
    ('00000000-0000-4011-8000-000000000001', 'LOG-0001', '00000000-0000-4000-8000-000000000001', 'MARKET_APPROVE', 'MARKET', '00000000-0000-4003-8000-000000000001', '{"status":"ACTIVE"}', '2026-05-29 14:00:00'),
    ('00000000-0000-4011-8000-000000000002', 'LOG-0002', '00000000-0000-4000-8000-000000000002', 'MARKET_REJECT', 'MARKET', '00000000-0000-4003-8000-000000000005', '{"reason":"missing clear source"}', '2026-05-31 15:00:00'),
    ('00000000-0000-4011-8000-000000000003', 'LOG-0003', '00000000-0000-4000-8000-000000000002', 'MARKET_RESOLVE', 'MARKET', '00000000-0000-4003-8000-000000000006', '{"result":"NO"}', '2026-06-02 01:00:00');

-- Sync sequences to match mock data row counts
SELECT setval('seq_user_code',          (SELECT COUNT(*) FROM users));
SELECT setval('seq_market_code',        (SELECT COUNT(*) FROM markets));
SELECT setval('seq_trade_code',         (SELECT COUNT(*) FROM trades));
SELECT setval('seq_market_review_code',  (SELECT COUNT(*) FROM market_reviews));
SELECT setval('seq_admin_log_code',     (SELECT COUNT(*) FROM admin_logs));

COMMIT;

